"id","Case_Number","court","date","link","cite_or_reference","document"
"1","1","Court of Appeals of Wisconsin decision","","","2015 WL 5446731","Court of Appeals of Wisconsin decision"
"2","1","Plaintiff Brief to Supreme Court","","https://epic.org/algorithmic-transparency/crim-justice/Wisc-Brief.pdf","No. 2015AP157-CR","Plaintiff Brief to Supreme Court"
"3","1","Wisconsin Supreme Court decision","","","881 N.W.2d 749 (Wis. 2016),","Wisconsin Supreme Court decision"
"4","1","Supreme Court denial of certiorari","6/26/2017","https://www.supremecourt.gov/Search.aspx?FileName=/docketfiles/16-6387.htm","137 S.Ct. 2290 (2017)","Supreme Court denial of certiorari"
"5","2","Complaint (refers to Stensberg as Steinsberg)","7/16/2018","https://ecf.wiwd.uscourts.gov/doc1/20515065516","","Complaint (refers to Stensberg as Steinsberg)"
"6","3","Granting Motion to Suppress","3/19/2018","https://www.courtlistener.com/recap/gov.uscourts.vaed.374613/gov.uscourts.vaed.374613.44.0.pdf","2018 U.S. Dist. LEXIS 45726","Granting Motion to Suppress"
"7","3","Appeal, 4th Circuit Reverse and Remanded","9/5/2019","https://plus.lexis.com/api/permalink/3a8594be-8e91-47d1-bd0e-e7d8f1f5fe68/?context=1530671","937 F.3d 363","Appeal, 4th Circuit Reverse and Remanded"
"8","3","Vacate, Grant Rehearing En Banc","11/18/2019","https://plus.lexis.com/api/permalink/6593772c-eea3-462d-97f7-179c849192a8/?context=1530671","784 Fed. Appx. 870","Vacate, Grant Rehearing En Banc"
"9","3","4th Circuit Affirm Grant of Motion to Suppress","7/15/2020","https://plus.lexis.com/api/permalink/7faeb8c7-36cc-4a7e-b390-0ef6b4b47f5d/?context=1530671","","4th Circuit Affirm Grant of Motion to Suppress"
"10","3","date terminated according to RECAP","9/25/2020","","","date terminated according to RECAP"
"11","4","Complaint","4/30/2019","","","Complaint"
"12","4","Grant Plaintiffs Motion for Class Certification","2/11/2020","https://plus.lexis.com/api/permalink/46fe5c7e-7c78-4435-845a-34fa700d7a1b/?context=1530671","605904/19","Grant Plaintiffs Motion for Class Certification"
"13","4","Corrected Order","12/28/2020","https://drive.google.com/file/d/19hsUy88EVhAzb3ejw-u4zrmAeo5GJZB2/view?usp=sharing","","Corrected Order"
"14","4","Judgment, Case Disposed","01/07/2021","https://drive.google.com/file/d/1i69I6OtKQHN5aroEw6H3YmDOIWHmdMcw/view?usp=sharing","","Judgment, Case Disposed"
"15","4","Notice of Appeal by Nassau County","02/02/2021","https://drive.google.com/file/d/1kGOk4qUz0iXoxKuKBt6wEpuk71fJBbtB/view?usp=sharing","","Notice of Appeal by Nassau County"
"16","5","Complaint filed","1/18/2012","https://www.courtlistener.com/recap/gov.uscourts.idd.29058.1.0.pdf","","Complaint"
"17","5","Court grants TRO","2/3/2012","https://www.courtlistener.com/recap/gov.uscourts.idd.29058.31.0.pdf","","Court grants TRO"
"18","5","Court grants Preliminary Injunction","3/12/12","https://www.courtlistener.com/recap/gov.uscourts.idd.29058.41.0.pdf","","Court grants Preliminary Injunction"
"19","5","Order denying Idaho Department of Health and Welfare's Motion to Inform Plaintiff's their home-care service budgets have been reduced","8/2/2012","https://www.courtlistener.com/recap/gov.uscourts.idd.29058.66.0.pdf","2012 U.S. Dist. LEXIS 108945 (Aug. 2, 2012)","Order denying Idaho Department of Health and Welfare's Motion to Inform Plaintiff's their home-care service budgets have been reduced"
"20","5","CASE MANAGEMENT ORDER granting 73 MOTION to Consolidate Cases with Schultz v Armstrong CV-12-58-BLW for all purposes","4/16/2013","","","CASE MANAGEMENT ORDER granting 73 MOTION to Consolidate Cases with Schultz v Armstrong CV-12-58-BLW for all purposes"
"21","5","Court grants motion to Certify Class, Extend PI to Class, and File Consolidated Class Action COmplaint, and Deny defendant's motion for approval of their notice compliance with Medicaid","3/24/2014","https://www.courtlistener.com/recap/gov.uscourts.idd.29058/gov.uscourts.idd.29058.130.0.pdf","298 F.R.D. 479, 2014 U.S. Dist. LEXIS 39562","Court grants motion to Certify Class, Extend PI to Class, and File Consolidated Class Action COmplaint, and Deny defendant's motion for approval of their notice compliance with Medicaid"
"22","5","9th Circuit Appeals Affirm Motion for Preliminary Injunction","6/5/2015","","789 F.3d 962","9th Circuit Appeals Affirm Motion for Preliminary Injunction"
"23","5","Order granting plaintiff's motion for attorneys fee, considered cross motions for summary judgement on individual and class issues","3/28/2016","https://www.courtlistener.com/recap/gov.uscourts.idd.29058/gov.uscourts.idd.29058.270.0.pdf","180 F. Supp. 3d 703, 2016 U.S. Dist. LEXIS 41584","Order granting plaintiff's motion for attorneys fee, considered cross motions for summary judgement on individual and class issues"
"24","5","Order denying IDHW Motion to Dismiss","9/22/2017","https://www.courtlistener.com/recap/gov.uscourts.idd.29058/gov.uscourts.idd.29058.337.0.pdf","2017 U.S. Dist. LEXIS 155756","Order denying IDHW Motion to Dismiss"
"25","5","Memorandum and Order, Granting in Part and Denying in Part cross-motions for enforcement and to strike","6/4/2020","https://www.courtlistener.com/recap/gov.uscourts.idd.29058/gov.uscourts.idd.29058.396.0.pdf","2020 U.S. Dist. LEXIS 105422","Memorandum and Order, Granting in Part and Denying in Part cross-motions for enforcement and to strike"
"26","5","Class Motion for ADR Order (Dkt. 391 ) is DENIED.","11/4/2020","https://www.courtlistener.com/recap/gov.uscourts.idd.29058/gov.uscourts.idd.29058.420.0.pdf","","Class Motion for ADR Order (Dkt. 391 ) is DENIED."
"27","6","Juvenile Charged","9/20/2017","","","Juvenile Charged"
"28","6","Plea Agreement","10/30/2017","","","Plea Agreement"
"29","6","","2/5/2018","https://drive.google.com/file/d/1umyKMbChQIlIyt2p9WKfUx8cPPrw5_oC/view?usp=sharing","",""
"30","6","Motion granting in part respondent's motion to exclude the Violence Risk Assessment:'s conclusions and recommendations but denied in part to consider the underlying information contained in the Assessment in determining an appropriate disposition in this case","3/15/2018","https://drive.google.com/file/d/1OS8DXvZiX2jcU9iVLIwPiG0dg7OHFrfc/view?usp=sharing","","Motion granting in part respondent's motion to exclude the Violence Risk Assessment:'s conclusions and recommendations but denied in part to consider the underlying information contained in the Assessment in determining an appropriate disposition in this case"
"31","7","Supreme Court Judgment","6/13/2018","https://scc-csc.lexum.com/scc-csc/scc-csc/en/item/17133/index.do","[2018] 2 SCR 165","Supreme Court Judgment"
"32","8","Class Action Complaint in State Claims Court","9/9/2015","http://pittlawpc.com/wp-content/uploads/2015/09/Bauserman-Complaint-time-stamped-9-9-15.pdf","","Class Action Complaint in State Claims Court"
"33","8","Supreme Court Opinion","4/5/2019","https://courts.michigan.gov/Courts/MichiganSupremeCourt/Clerks/Recent%20Opinions/18-19-Term-Opinions/156389.pdf","","Supreme Court Opinion"
"34","8","Court of Appeals Opinion","12/5/2019","https://casetext.com/case/bauserman-v-unemployment-ins-agency-5","","Court of Appeals Opinion"
"35","8","Michigan Supreme Court agrees to hear appeal","3/6/2020","https://www.courtlistener.com/opinion/4733463/grant-bauserman-v-unemployment-insurance-agency/","","Michigan Supreme Court agrees to hear appeal"
"36","8","Amici Brief for Supreme Court","3/25/2020","https://courts.michigan.gov/Courts/MichiganSupremeCourt/Clerks/Documents/2020-2021/160813/160813_83_02_AC_CCJ.pdf","","Amici Brief for Supreme Court"
"37","8","Michigan Supreme Court Directed Oral Arguments","11/25/2020","https://casetext.com/case/bauserman-v-unemployment-ins-agency-8","950 N.W.2d 737 (Mich. 2020)","Michigan Supreme Court Directed Oral Arguments"
"38","9","Complaint","12/16/2019","https://www.courtlistener.com/recap/gov.uscourts.casd.660353/gov.uscourts.casd.660353.1.0.pdf","","Complaint"
"39","9","Amended Complaint","2/26/2020","https://www.courtlistener.com/recap/gov.uscourts.casd.660353/gov.uscourts.casd.660353.3.0.pdf","19CV2407 CAB AHG","Amended Complaint"
"40","9","Order Dismissing Case For Failure to Show Cause","6/1/2020","https://www.courtlistener.com/recap/gov.uscourts.casd.660353/gov.uscourts.casd.660353.6.0.pdf","","Order Dismissing Case For Failure to Show Cause"
"41","10","Complaint","10/31/2019","https://www.aclu.org/legal-document/aclu-v-doj-face-recognition-surveillance-complaint","","Complaint"
"42","11","Cease and Desist Order","12/8/2020","https://www.sec.gov/litigation/admin/2020/33-10896.pdf","","Cease and Desist Order"
"43","11","Extension Order Granted Until August 31, 2021","2/11/2021","https://www.sec.gov/litigation/admin/2021/34-91102.pdf","File No. 3-20162","Extension Order Granted Until August 31, 2021"
"44","13","Opinion of District Court, E.D. La. Deny Motion to Exclude","10/21/2020","https://www.courtlistener.com/recap/gov.uscourts.laed.229252/gov.uscourts.laed.229252.253.0_1.pdf","2020 WL 6156821","Opinion of District Court, E.D. La. Deny Motion to Exclude"
"45","13","ORDER denying 124 Motion to Strike Defendants' Evidence and Other Sanctions. The motion is denied, as set forth in document. Signed by Judge Greg Gerard Guidry on 02/24/2021. (ko)","2/24/2021","https://www.courtlistener.com/recap/gov.uscourts.laed.229252/gov.uscourts.laed.229252.272.0.pdf","","ORDER denying 124 Motion to Strike Defendants' Evidence and Other Sanctions. The motion is denied, as set forth in document. Signed by Judge Greg Gerard Guidry on 02/24/2021. (ko)"
"46","13","ORDER granting in part and denying in part 151 Motion in Limine to Exclude Irrelevant Financial Information. The motion is granted in part as to references at trial to (1) revenues realized by non-parties; (2) the Louisiana state tax incentive program; and (3) revenues or expenses generated overseas, as set forth in document. The motion is denied in all other respects.","3/8/2021","https://www.courtlistener.com/recap/gov.uscourts.laed.229252/gov.uscourts.laed.229252.276.0.pdf","","ORDER granting in part and denying in part 151 Motion in Limine to Exclude Irrelevant Financial Information. The motion is granted in part as to references at trial to (1) revenues realized by non-parties; (2) the Louisiana state tax incentive program; and (3) revenues or expenses generated overseas, as set forth in document. The motion is denied in all other respects."
"47","14","Complaint and Demand for Jury Trial","6/26/2019","https://www.classaction.org/media/dinerstein-v-google-llc-et-al.pdf","","Complaint and Demand for Jury Trial"
"48","14","District Court Opinion N.D. Ill.","9/4/2020","https://1.next.westlaw.com/Document/I881bee10f0da11ea9214aaaa8d5963d9/View/FullText.html?originationContext=kcCitingReferences&transitionType=Document&contextData=(sc.History*oc.Search)&docSource=261fde0c7f3240bda04f9e74043ec59e&rulebookMode=false&ppcid=376aebec230e44d0899c1a11386d9d93","484 F.Supp.3d 561 (N.D. Ill. 2019)","District Court Opinion N.D. Ill."
"49","15","Complaint","1/26/2017","https://contexte.aoc.arkansas.gov/imaging/IMAGES/DMS/CK_Image.Present2?DMS_ID=042ABAE107BED2093705091323BF417E9FCB75FD5D078255CF9843A09CD13AB5E5713E402F4DEE8AC054B263A7170932299D803AC2C6A470D34ADAEE32E296D3&i_url=https://contexte.aoc.arkansas.gov/imaging/IMAGES/DMS","","Complaint"
"50","15","Circuit Court Grants TRO","2/17/2017","","","Circuit Court Grants TRO"
"51","15","Supreme Court Affirmed","11/9/2017","https://contexte.aoc.arkansas.gov/imaging/IMAGES/DMS/CK_Image.Present2?DMS_ID=EED1A47DDC8176ED5195CC8FF27D82E8E5A9AE0CBFC8A4B90A089213AC524D260C9744ABAEC24519429C5CA3C62ED85BA404A2155F8048C2FCEACBD7DAE71645&i_url=https://contexte.aoc.arkansas.gov/imaging/IMAGES/DMS","2017 Ark.308 SUPREME COURT OF ARKANSAS No.CV-17-183","Supreme Court Affirmed"
"52","15","Supreme Court Dismissed Appeal for mootness","4/11/2019","https://contexte.aoc.arkansas.gov/imaging/IMAGES/DMS/CK_Image.Present2?DMS_ID=10FD0492BDB23149E9581DD323F866087E80CCBD14A0E9FFE37E1C1F4F13BCAC026919A9C502F3681FFA060C649A7E969F6664F81D75BFF4FB6E015E7D54299F&i_url=https://contexte.aoc.arkansas.gov/imaging/IMAGES/DMS","2019 Ark. 100 SUPREME COURT OF ARKANSAS No.CV-18-639","Supreme Court Dismissed Appeal for mootness"
"53","15","Dissent of Supreme Court","4/11/2019","https://contexte.aoc.arkansas.gov/imaging/IMAGES/DMS/CK_Image.Present2?DMS_ID=65EECBB33B3598C28E91E1E3114FC05F56E79B7B3C982B6487EDD02A0726BBBF1F848C42470ACEBFE35C494E956A3DCBD2616D1FD654A8CF43587F2E442C664C&i_url=https://contexte.aoc.arkansas.gov/imaging/IMAGES/DMS","","Dissent of Supreme Court"
"54","16","Order Granting Preliminary Injunction","4/19/2017","","","Order Granting Preliminary Injunction"
"55","16","Order on Motion to Certify Class","09/03/2019","","","Order on Motion to Certify Class"
"56","16","The third motion to stay for six months","01/22/2021","","","The third motion to stay for six months"
"57","17","Complaint","4/30/2014","https://www.aft.org/sites/default/files/news/brief_Houston_042914.pdf","","Complaint"
"58","17","Amended Summary Judgement","5/4/2017","https://www.courtlistener.com/recap/gov.uscourts.txsd.1174509/gov.uscourts.txsd.1174509.91.0.pdf","","Amended Summary Judgement"
"59","17","Settlement Agreement","10/7/1/2017","https://www.aft.org/sites/default/files/settlementagreement_houston_100717.pdf","","Settlement Agreement"
"60","19","1st District Court of Appeals affirms conviction","12/27/2018","https://cases.justia.com/florida/first-district-court-of-appeal/2018-16-3290.pdf?ts=1545938765%20%5f%20Emphasis%20added","","1st District Court of Appeals affirms conviction"
"61","19","Amici Brief Filed for Appeal","3/21/2019","https://efactssc-public.flcourts.org/casedocuments/2019/298/2019-298_notice_86166_notice2dappendix2fattachment20to20notice.pdf","","Amici Brief Filed for Appeal"
"62","18","Court remanded this case to the district court with instruction to rule on the defendant’s motion for a new trial.","3/30/2017","","NO.2017-KA-0093","Court remanded this case to the district court with instruction to rule on the defendant’s motion for a new trial."
"63","18","Appeal FROM CRIMINAL DISTRICT COURT ORLEANS PARISH. NO. 516-272, SECTION ""H"". Honorable Camille Buras, Judge Dismissed.","9/25/2017","","","Appeal FROM CRIMINAL DISTRICT COURT ORLEANS PARISH. NO. 516-272, SECTION ""H"". Honorable Camille Buras, Judge Dismissed."
"64","18","Removed from Criminal Court of Orleans Parish Louisiana, case number 516272","12/15/2017","","","Removed from Criminal Court of Orleans Parish Louisiana, case number 516272"
"65","18","Affirm in Part, Vacate in Part Court of Appeals","12/30/2020","https://plus.lexis.com/document/?pdmfid=1530671&crid=08e6c3ce-f478-4d28-b56f-126a7785dfc3&pddocfullpath=%2Fshared%2Fdocument%2Fcases%2Furn%3AcontentItem%3A61N0-7X01-F5KY-B124-00000-00&pdcontentcomponentid=7256&pdteaserkey=&pdislpamode=false&pdworkfolderlocatorid=NOT_SAVED_IN_WORKFOLDER&ecomp=pt4k&earg=sr0&prid=713bc018-432d-4c45-a065-2dc1fdc953e8","No. 2019-KA-1077, 2020 BL 507447 (La. App. 4th Cir. Dec. 30,
2020)","Affirm in Part, Vacate in Part Court of Appeals"
"66","20","Sixth Circuit Court of Appeals Affirm District Court; Remand to District Court to enforce injunction","9/25/2016","https://www.courtlistener.com/opinion/4251251/walter-barry-v-nick-lyon/","No. 15-1390 (6th Cir. 2016)","Sixth Circuit Court of Appeals affrims District Court; Remand to District Court to enforce injunction"
"67","21","Interlocutory order of the Superior Court of New Jersey, Hudson County,","","","Indictment No. 17-07-0470","Interlocutory order of the Superior Court of New Jersey, Hudson County,"
"68","21","Court of Appeals Reverse and Remand to issue a Protective Order for Discovery","2/3/2021","https://www.courtlistener.com/opinion/4853195/state-of-new-jersey-vs-corey-pickett-17-07-0470-hudson-county-and/?","","Court of Appeals Reverse and Remand to issue a Protective Order for Discovery"
"69","22","Complaint","3/27/2018","https://www.courtlistener.com/recap/gov.uscourts.nysd.490833/gov.uscourts.nysd.490833.1.0.pdf","","Complaint"
"70","22","Amended Complaint","6/25/2018","https://www.courtlistener.com/recap/gov.uscourts.nysd.490833/gov.uscourts.nysd.490833.33.0.pdf","","Amended Complaint"
"71","22","Settlement Agreement","3/28/2019","https://www.courtlistener.com/recap/gov.uscourts.nysd.490833/gov.uscourts.nysd.490833.67.2.pdf","e 1:18-cv-02689-JGK","Settlement Agreement"
"72","23","Complaint","2/27/2020","https://www.courtlistener.com/recap/gov.uscourts.nysd.535901/gov.uscourts.nysd.535901.1.0.pdf","","Complaint"
"73","23","Amended Complaint","4/7/2020","https://www.courtlistener.com/recap/gov.uscourts.nysd.535901/gov.uscourts.nysd.535901.6.0.pdf","","Amended Complaint"
"74","23","Clearview's Motion to Deny Motion to Intervene","4/29/2020","https://www.courtlistener.com/recap/gov.uscourts.nysd.535901/gov.uscourts.nysd.535901.33.0.pdf","","Clearview's Motion to Deny Motion to Intervene"
"75","23","MDL (see Schedule A on last page)","1/8/2021","https://www.courtlistener.com/docket/29102457/1/in-re-clearview-ai-inc-consumer-privacy-litigation/","Case: 1:21-cv-00135","MDL (see Schedule A on last page)"
"76","24","Complaint","5/4/2020","https://www.courtlistener.com/recap/gov.uscourts.nysd.536637/gov.uscourts.nysd.536637.1.0.pdf","","Complaint"
"77","24","Plaintiffs Filed Statement of Relatedness to Calderon","5/5/2020","https://www.courtlistener.com/recap/gov.uscourts.nysd.536637/gov.uscourts.nysd.536637.5.0.pdf","","Plaintiffs Filed Statement of Relatedness to Calderon"
"78","24","Denying Mutnick's Motion to Intervene","5/29/2020","https://www.courtlistener.com/recap/gov.uscourts.nysd.536637/gov.uscourts.nysd.536637.27.0.pdf","","Denying Mutnick's Motion to Intervene"
"79","24","MDL (see Schedule A on last page)","1/12/2021","https://www.courtlistener.com/docket/29102457/1/in-re-clearview-ai-inc-consumer-privacy-litigation/","","MDL (see Schedule A on last page)"
"80","25","Complaint","4/28/2020","https://www.courtlistener.com/recap/gov.uscourts.cand.358803/gov.uscourts.cand.358803.1.0.pdf","","Complaint"
"81","25","ORDER GRANTING DEFENDANT’S
MOTION TO DISMISS ON GROUNDS
OF FORUM NON CONVENIENS","9/23/2020","https://www.courtlistener.com/recap/gov.uscourts.cand.358803/gov.uscourts.cand.358803.34.0.pdf","","ORDER GRANTING DEFENDANT’S
MOTION TO DISMISS ON GROUNDS
OF FORUM NON CONVENIENS"
"82","25","Motion Denied to Reconsider Dismissal for Forum Non Conveniens","1/15/2021","https://www.courtlistener.com/recap/gov.uscourts.cand.358803/gov.uscourts.cand.358803.43.0.pdf","","Motion Denied to Reconsider Dismissal for Forum Non Conveniens"
"83","26","Complaint","10/30/2018","https://cdn.arstechnica.net/wp-content/uploads/2018/10/Complaint-filed.pdf","","Complaint"
"84","26","Tesla filed a motion to dismiss on July 9, 2020","5/9/0202","https://myeclerk.myorangeclerk.com/DocView/Doc?request=70573400&eCode=CQ3%2FhnBamUhmlrrAhxg5frXIoY4VB%2FQ2SKIMvrKq23ML%2FYp6WL38tPV0C1XDhsLPIxz%2FpVF2JNEfFWtTSL5BtmRLFJFRzVRkibBykwZOLm4%3D","","Tesla filed a motion to dismiss on July 9, 2020"
"85","27","Complaint","1/22/2018","https://www.courtlistener.com/recap/gov.uscourts.cand.321643/gov.uscourts.cand.321643.1.0.pdf","","Complaint"
"86","29","Complaint","1/22/2020","https://www.courtlistener.com/docket/16741495/1/mutnick-v-clearview-ai-inc/","","Complaint"
"87","29","Amended Complaint","1/29/2020","https://www.courtlistener.com/recap/gov.uscourts.ilnd.372790/gov.uscourts.ilnd.372790.6.0.pdf","","Amended Complaint"
"88","29","MUTNICK'S MOTION TO INTERVENE IN NEW YORK","5/29/2020","https://www.courtlistener.com/recap/gov.uscourts.nysd.537066/gov.uscourts.nysd.537066.32.0.pdf","","MUTNICK'S MOTION TO INTERVENE IN NEW YORK"
"89","29","Order consolidating Mutnick with Hall and Maron","8/12/2020","https://www.courtlistener.com/recap/gov.uscourts.ilnd.372790/gov.uscourts.ilnd.372790.87.0.pdf","","Order consolidating Mutnick with Hall and Maron"
"90","29","MDL (see Schedule A on last page)","1/8/2021","https://www.courtlistener.com/docket/29102457/1/in-re-clearview-ai-inc-consumer-privacy-litigation/","","MDL (see Schedule A on last page)"
"91","28","Complaint","8/5/2020","https://www.courtlistener.com/recap/gov.uscourts.ilnd.378529/gov.uscourts.ilnd.378529.1.0.pdf","","Complaint"
"92","28","Status Hearing","4/15/2021","","","Status Hearing"
"93","30","Complaint","2/13/2020","https://www.courtlistener.com/docket/29101099/1/calderon-v-clearview-ai-inc/","","Complaint"
"94","30","Directive","4/15/2020","https://www.courtlistener.com/recap/gov.uscourts.nysd.532050/gov.uscourts.nysd.532050.21.0.pdf","","Directive"
"95","30","MEMORANDUM DECISION AND ORDER DENYING Mutnicks' MOTION TO INTERVENE AND TO DISMISS OR, ALTERNATIVELY, TO STAY CASES OR TRANSFER VENUE denying 22 Motion to Intervene.","5/29/2020","https://law.justia.com/cases/federal/district-courts/new-york/nysdce/1:2020cv01296/532050/51/","","MEMORANDUM DECISION AND ORDER DENYING Mutnicks' MOTION TO INTERVENE AND TO DISMISS OR, ALTERNATIVELY, TO STAY CASES OR TRANSFER VENUE denying 22 Motion to Intervene."
"96","30","MDL Transferred out (see Schedule A on last page)","1/12/2021","https://www.courtlistener.com/docket/29102457/1/in-re-clearview-ai-inc-consumer-privacy-litigation/","","MDL Transferred out (see Schedule A on last page)"
"97","31","Complaint","3/13/2020","https://www.docketbird.com/court-documents/Broccolino-v-Clearview-Ai-Inc/NYS-1-20-2222/nysd-1:2020-cv-02222-00039-011","","Complaint"
"98","31","Judge McMahon Directive","4/15/2020","https://www.courtlistener.com/recap/gov.uscourts.nysd.534233/gov.uscourts.nysd.534233.9.0.pdf","","Judge McMahon Directive"
"99","31","Order Directing Plaintiffs to Respond to Mutnick's Motion to Intervene","4/22/2020","https://www.courtlistener.com/recap/gov.uscourts.nysd.534233/gov.uscourts.nysd.534233.14.0.pdf","","Order Directing Plaintiffs to Respond to Mutnick's Motion to Intervene"
"100","31","MDL (see Schedule A on last page)","1/12/2021","https://www.courtlistener.com/docket/29102457/1/in-re-clearview-ai-inc-consumer-privacy-litigation/","","MDL (see Schedule A on last page)"
"101","32","Complaint","4/15/2020","https://www.courtlistener.com/docket/17072395/1/mcpherson-v-clearview-ai-inc/","","Complaint"
"102","32","MDL (see Schedule A on last page)","1/12/2021","https://www.courtlistener.com/docket/29102457/1/in-re-clearview-ai-inc-consumer-privacy-litigation/","","MDL (see Schedule A on last page)"
"103","33","Complaint","2/3/2020","https://digitalcommons.law.scu.edu/cgi/viewcontent.cgi?article=3142&context=historical","","Complaint"
"104","33","Order Denying Mutnick's Motion to Intervene","5/29/2020","https://law.justia.com/cases/federal/district-courts/new-york/nysdce/1:2020cv03705/537066/32/","","Order Denying Mutnick's Motion to Intervene"
"105","33","MDL (see Schedule A on last page)","1/12/2021","https://www.courtlistener.com/docket/29102457/1/in-re-clearview-ai-inc-consumer-privacy-litigation/","","MDL (see Schedule A on last page)"
"106","34","Complaint","5/28/2020","https://www.aclu.org/legal-document/aclu-v-clearview-ai-complaint","","Complaint"
"107","34","Clearview Motion to Dismiss","10/7/2020","https://www.eff.org/document/2020-10-07-aclu-v-clearview-motion-dismiss","","Clearview Motion to Dismiss"
"108","34","Reply to Motion to Dismiss","1/5/2021","https://www.cs.columbia.edu/~smb/classes/s21/Files/Clearview_ACLU_Surreply_Brief.pdf","","Reply to Motion to Dismiss"
"109","34","Court Consider Motion to Dismiss report on 08/27/2021","4/2/2021","","","Court Consider Motion to Dismiss report on 08/27/2021"
"110","35","Opinion of the Indiana Supreme Court","","","928 N.E.2d 564 (Ind. 2010)","Opinion of the Indiana Supreme Court"
"111","36","Complaint","3/1/2020","https://ago.vermont.gov/wp-content/uploads/2020/03/Complaint-State-v-Clearview.pdf","","Complaint"
"112","36","Filed for Preliminary Injunction","3/10/2020","https://ago.vermont.gov/wp-content/uploads/2020/03/PI-Motion-State-v-Clearview.pdf","","Filed for Preliminary Injunction"
"113","36","Deny Motion to Dismiss","9/20/2020","https://ago.vermont.gov/wp-content/uploads/2020/09/Clearview-Motion-to-Dismiss-Decision.pdf","","Deny Motion to Dismiss"
"114","37","Opinion of the Michigan Court of Appeals","","https://casetext.com/case/people-v-er-in-re-younglove","2019 WL 846117 (Mich. Ct. App. Feb. 21, 2019).","Opinion of the Michigan Court of Appeals"
"115","38","Complaint","2/5/2020","https://www.courtlistener.com/docket/16808784/1/hall-v-cdw-government-llc/","","Complaint"
"116","38","Clearview file motion to dismiss","4/27/2020","https://www.courtlistener.com/recap/gov.uscourts.ilnd.373305/gov.uscourts.ilnd.373305.30.0.pdf","","Clearview file motion to dismiss"
"117","38","Denial of 12(b)(2) and Transfer","8/12/2020","https://www.courtlistener.com/docket/16808784/56/hall-v-cdw-government-llc/","","Denial of 12(b)(2) and Transfer"
"118","38","MDL (see Schedule A on last page)","1/8/2021","https://www.courtlistener.com/docket/29102457/1/in-re-clearview-ai-inc-consumer-privacy-litigation/","","MDL (see Schedule A on last page)"
"119","39","Complaint","6/30/2020","http://jnswire.s3.amazonaws.com/jns-media/da/7a/11494049/thornley_v_clearview_complaint.pdf","","Complaint"
"120","39","Remand Order","10/23/2020","https://www.courtlistener.com/docket/17335257/37/thornley-v-clearview-ai-inc/","","Remand Order"
"121","40","Complaint","5/20/2020","https://www.courtlistener.com/recap/gov.uscourts.ilnd.376152/gov.uscourts.ilnd.376152.1.0.pdf","","Complaint"
"122","40","MDL","1/8/2021","https://www.courtlistener.com/docket/29102457/1/in-re-clearview-ai-inc-consumer-privacy-litigation/","","MDL"
"123","41","Complaint","","","","Complaint"
"124","41","Memorandum Opinion","11/17/2015","https://drive.google.com/file/d/1kN1xRpPtNdbdDbV9tzB3BoDtbvmqH1nc/view?usp=sharing","","Memorandum Opinion"
"125","41","Granting Non Party Draegar Motion to Quash Subpoena","12/16/2015","http://www.courts.wa.gov/subsite/dmcja/docs/Order_DraegerMotiontoQuashSubpoena.pdf","","Granting Non Party Draegar Motion to Quash Subpoena"
"126","41","Motion to Modify Subpoena","12/17/2015","https://int.nyt.com/data/documenthelper/1920-wsp-2015-order/d785cd5b0e65bdc10755/optimized/full.pdf","","Motion to Modify Subpoena"
"127","42","Complaint","4/21/2015","https://www.courtlistener.com/recap/gov.uscourts.mied.300638.1.0.pdf","","Complaint"
"128","42","Order granting in part, denying in part Arwood's motion to dismiss","3/29/2016","https://www.courtlistener.com/recap/gov.uscourts.mied.300638.27.0.pdf","","Order granting in part, denying in part Arwood's motion to dismiss"
"129","42","ORDER terminating as moot 23 Defendants' Motion to Dismiss; terminating as moot 30 Plaintiffs' Motion to Submit Supplemental Exhibits","5/12/2016","","","ORDER terminating as moot 23 Defendants' Motion to Dismiss; terminating as moot 30 Plaintiffs' Motion to Submit Supplemental Exhibits"
"130","42","OPINION AND ORDER granting Defendants' 32 Motion to File an Amended Answer and denying 33 Defendants' Motion for Partial Dismissal","9/2/2016","https://www.courtlistener.com/recap/gov.uscourts.mied.300638/gov.uscourts.mied.300638.38.0.pdf","","OPINION AND ORDER granting Defendants' 32 Motion to File an Amended Answer and denying 33 Defendants' Motion for Partial Dismissal"
"131","42","ORDER for Setting Deadlines and Hearing on as to 39 MOTION for Preliminary Injunction :( Motion Hearing set for 11/14/2016","10/3/2016","","","ORDER for Setting Deadlines and Hearing on as to 39 MOTION for Preliminary Injunction :( Motion Hearing set for 11/14/2016"
"132","42","ORDER for Preliminary Injunctive Relief.","1/11/2017","https://www.courtlistener.com/recap/gov.uscourts.mied.300638/gov.uscourts.mied.300638.50.0.pdf","","ORDER for Preliminary Injunctive Relief."
"133","42","STIPULATED ORDER of Dismissal because settlement","2/2/2017","https://www.courtlistener.com/recap/gov.uscourts.mied.300638/gov.uscourts.mied.300638.51.0_1.pdf","","STIPULATED ORDER of Dismissal because settlement"
"134","43","Amended Complaint","7/17/2017","https://www.courtlistener.com/recap/gov.uscourts.mied.318181/gov.uscourts.mied.318181.43.0.pdf","","Amended Complaint"
"135","43","Opinion and Order","3/2/2018","https://www.courtlistener.com/recap/gov.uscourts.mied.318181/gov.uscourts.mied.318181.124.0.pdf","Opinion and Order","Opinion and Order"
"136","43","Order Denying Sanctions","3/27/2018","https://www.courtlistener.com/recap/gov.uscourts.mied.318181/gov.uscourts.mied.318181.137.0.pdf","","Order Denying Sanctions"
"137","43","6th Circuit AFFIRMED  IN  PART,  and REVERSES  IN PART, the district court’s decision. This  Court AFFIRMS the district court’s denial of the Individual Agency Defendants’ Motion with respect to Plaintiffs’ due process claim. However, this Court REVERSES the district court’s denial of the Motion with respect to Plaintiffs’ equal protection and Fourth Amendment claims","","https://law.justia.com/cases/federal/appellate-courts/ca6/18-1296/18-1296-2019-01-03.html","","6th Circuit AFFIRMED  IN  PART,  and REVERSES  IN PART, the district court’s decision. This  Court AFFIRMS the district court’s denial of the Individual Agency Defendants’ Motion with respect to Plaintiffs’ due process claim. However, this Court REVERSES the district court’s denial of the Motion with respect to Plaintiffs’ equal protection and Fourth Amendment claims"
"138","43","Order Denying Motion to Quash Subpoena, Require Compliance","4/23/2019","https://www.courtlistener.com/recap/gov.uscourts.mied.318181/gov.uscourts.mied.318181.186.0.pdf","","Order Denying Motion to Quash Subpoena, Require Compliance"
"139","43","Order Granting Motion to Compel Compliance","8/30/2019","https://www.courtlistener.com/recap/gov.uscourts.mied.318181/gov.uscourts.mied.318181.217.0.pdf","","Order Granting Motion to Compel Compliance"
"140","43","ORDER GRANTING 344 MOTION to Compel Full and Complete Responses from Plaintiffs to 08/09/19 Discovery Requests filed by Sharon Moffet-Massey","7/21/2020","https://www.courtlistener.com/recap/gov.uscourts.mied.318181/gov.uscourts.mied.318181.421.0.pdf","","ORDER GRANTING 344 MOTION to Compel Full and Complete Responses from Plaintiffs to 08/09/19 Discovery Requests filed by Sharon Moffet-Massey"
"141","43","OPINION AND ORDER GRANTING IN PART AND DENYING IN PART 268 Renewed MOTION to Deem Admitted SAS's First Requests for Admission to Plaintiffs filed by SAS Institute In","7/28/2020","https://www.courtlistener.com/recap/gov.uscourts.mied.318181/gov.uscourts.mied.318181.436.0.pdf","","OPINION AND ORDER GRANTING IN PART AND DENYING IN PART 268 Renewed MOTION to Deem Admitted SAS's First Requests for Admission to Plaintiffs filed by SAS Institute In"
"142","43","OPINION AND ORDER GRANTING MOTION BY SAS INSTITUTE TO DISMISS FOR WANT OF SUBJECT MATTER JURISDICTION","8/11/2020","https://www.courtlistener.com/recap/gov.uscourts.mied.318181/gov.uscourts.mied.318181.455.0.pdf","","OPINION AND ORDER GRANTING MOTION BY SAS INSTITUTE TO DISMISS FOR WANT OF SUBJECT MATTER JURISDICTION"
"143","44","Amended Complaint Filed for Cahoo v. SAS","7/17/2017","https://www.courtlistener.com/recap/gov.uscourts.mied.318181/gov.uscourts.mied.318181.43.0.pdf","","Amended Complaint Filed for Cahoo v. SAS"
"144","44","Before the Court is Defendant SAS Institute, Inc's (""SAS's"") Renewed Motion to Deem Admitted SAS's First Requests for Admission to Plaintiffs [ECF No. 268]. Because Plaintiff's' responses to the Requests for Admission (""RFAs""), and because Defendant's arguments to the contrary are more appropriately addressed in a motion for summary judgment, the present motion is DENIED as to the request to deem Plaintiff's' responses admitted, but GRANTED to the extent that Plaintiffs will be required to serve supplemental responses.","7/18/2020","https://plus.lexis.com/document/?pdmfid=1530671&crid=f6237972-3ec5-4c0a-b009-bc37703619c6&pddocfullpath=%2Fshared%2Fdocument%2Fcases%2Furn%3AcontentItem%3A60FW-P5P1-K054-G3R0-00000-00&pdcontentcomponentid=6416&pdworkfolderlocatorid=NOT_SAVED_IN_WORKFOLDER&prid=52d7f279-b0e5-493c-8b06-33c0df449da4&ecomp=4t4k&earg=sr3","","Before the Court is Defendant SAS Institute, Inc's (""SAS's"") Renewed Motion to Deem Admitted SAS's First Requests for Admission to Plaintiffs [ECF No. 268]. Because Plaintiff's' responses to the Requests for Admission (""RFAs""), and because Defendant's arguments to the contrary are more appropriately addressed in a motion for summary judgment, the present motion is DENIED as to the request to deem Plaintiff's' responses admitted, but GRANTED to the extent that Plaintiffs will be required to serve supplemental responses."
"145","44","OPINION AND ORDER Denying Motions by Fast Enterprises LLC and CSG Government Solutions 297 , 313 to Dismiss for Want of Subject Matter Jurisdiction","12/21/2020","https://www.courtlistener.com/recap/gov.uscourts.mied.318181/gov.uscourts.mied.318181.495.0.pdf","","OPINION AND ORDER Denying Motions by Fast Enterprises LLC and CSG Government Solutions 297 , 313 to Dismiss for Want of Subject Matter Jurisdiction"
"146","44","Deny Motion to Certify Class","12/22/2020","https://www.courtlistener.com/recap/gov.uscourts.mied.318181/gov.uscourts.mied.318181.497.0.pdf","","Deny Motion to Certify Class"
"147","44","OPINION AND ORDER Granting in Part and Denying in Part 345 , 346 , 348 , 380 , 381 , and 382 Motions to Strike Expert Witness Disclosures and Granting 378 Motion to Preclude Plaintiffs' Expert Witness Testimony.","3/18/2021","https://www.courtlistener.com/recap/gov.uscourts.mied.318181/gov.uscourts.mied.318181.533.0.pdf","","OPINION AND ORDER Granting in Part and Denying in Part 345 , 346 , 348 , 380 , 381 , and 382 Motions to Strike Expert Witness Disclosures and Granting 378 Motion to Preclude Plaintiffs' Expert Witness Testimony."
"148","45","Complaint","7/10/2016","https://www.courtlistener.com/recap/gov.uscourts.nysd.460178.1.0.pdf","","Complaint"
"149","45","Transferred to EDNY","9/16/2016","https://www.courtlistener.com/recap/gov.uscourts.nysd.460178.15.0.pdf","","Transferred to EDNY"
"150","45","Amended Complaint","10/10/2016","https://www.courtlistener.com/recap/gov.uscourts.nyed.391130.28.0.pdf","","Amended Complaint"
"151","45","Granting Facebook's Motion to Dismiss, and dismiss Amended Complaint Without Prejudice","5/18/2017","https://www.courtlistener.com/recap/gov.uscourts.nyed.391130.49.0.pdf","","Granting Facebook's Motion to Dismiss, and dismiss Amended Complaint Without Prejudice"
"152","45","Order denying with prejudice plaintiff's motion to amend judgment and to file a second amended complaint","1/18/2018","https://www.courtlistener.com/recap/gov.uscourts.nyed.391130/gov.uscourts.nyed.391130.62.0.pdf","","Order denying with prejudice plaintiff's motion to amend judgment and to file a second amended complaint"
"153","45","2nd Circuit Court of Appeals opinion affirming the judgment of the district court and dismissing foreign law claims","7/31/2019","https://plus.lexis.com/document/?pdmfid=1530671&crid=67a7a86f-5d00-46d0-8b05-b187eda92df3&pddocfullpath=%2Fshared%2Fdocument%2Fcases%2Furn%3AcontentItem%3A5WPG-4871-JBT7-X008-00000-00&pdcontentcomponentid=6386&pdworkfolderlocatorid=NOT_SAVED_IN_WORKFOLDER&prid=bb7aae96-c0dc-4f4b-8a6b-48bef6b99a76&ecomp=4t4k&earg=sr3","934 F.3d 53","2nd Circuit Court of Appeals opinion affirming the judgment of the district court and dismissing foreign law claims"
"154","45","US Supreme Court certiorari denied","5/18/2020","https://www.supremecourt.gov/docket/docketfiles/html/public/19-859.html","140 S. Ct. 2761","US Supreme Court certiorari denied"
"155","46","Complaint","11/9/2019","https://epic.org/privacy/ftc/hirevue/EPIC_FTC_HireVue_Complaint.pdf","","Complaint"
"156","47","Complaint","10/13/2018","https://www.courtlistener.com/recap/gov.uscourts.ilnd.358029/gov.uscourts.ilnd.358029.1.0.pdf","","Complaint"
"157","47","Order denying motion to compel arbitration","5/7/2019","https://casetext.com/case/ccc-info-servs-inc-v-tractable-inc","2019 U.S. Dist. LEXIS 76767 * | 2019 WL 2011092","Order denying motion to compel arbitration"
"158","48","MUTNICK'S MOTION TO INTERVENE IN NEW YORK","5/29/2020","https://www.courtlistener.com/recap/gov.uscourts.nysd.537066/gov.uscourts.nysd.537066.32.0.pdf","","MUTNICK'S MOTION TO INTERVENE IN NEW YORK"
"159","48","Order remanding to State Court","","","","Order remanding to State Court"
"160","48","Consolidated in MDL Order","1/8/2021","https://www.courtlistener.com/recap/gov.uscourts.ilnd.395030/gov.uscourts.ilnd.395030.1.0_1.pdf","","Consolidated in MDL Order"
"161","48","Order granting interim counsel as they determine if they want to be a class","3/10/2021","https://www.courtlistener.com/recap/gov.uscourts.ilnd.395030/gov.uscourts.ilnd.395030.25.0_1.pdf","","Order granting interim counsel as they determine if they want to be a class"
"162","48","Joint Discovery Plan Proposal","3/22/2021","https://www.courtlistener.com/recap/gov.uscourts.ilnd.395030/gov.uscourts.ilnd.395030.27.0.pdf","","Joint Discovery Plan Proposal"
"163","49","Complaint","2/28/2020","","","Complaint"
"164","49","Order granting PI on expedited circumstances","3/31/2020","https://storage.courtlistener.com/recap/gov.uscourts.nysd.533313/gov.uscourts.nysd.533313.67.0.pdf","","Order granting PI on expedited circumstances"
"165","49","Opinion granting preliminary injunction","5/4/2020","https://storage.courtlistener.com/recap/gov.uscourts.nysd.533313/gov.uscourts.nysd.533313.78.0.pdf","458 F. Supp. 3d 224 (S.D.N.Y. 2020)","Opinion granting preliminary injunction"
"166","49","Order denying Defendant's Motion to Amend PI","5/15/2020","https://storage.courtlistener.com/recap/gov.uscourts.nysd.533313/gov.uscourts.nysd.533313.84.0_1.pdf","","Order denying Defendant's Motion to Amend PI"
"167","49","Stipulated Protective Order","7/1/2020","https://storage.courtlistener.com/recap/gov.uscourts.nysd.533313/gov.uscourts.nysd.533313.90.0.pdf","","Stipulated Protective Order"
"168","49","Order Denying Motion to Clarify or Modify PI","7/6/2020","https://storage.courtlistener.com/recap/gov.uscourts.nysd.533313/gov.uscourts.nysd.533313.91.0.pdf","","Order Denying Motion to Clarify or Modify PI"
"169","49","Order granting Petitioner's request for deposition","9/21/2020","https://storage.courtlistener.com/recap/gov.uscourts.nysd.533313/gov.uscourts.nysd.533313.102.0.pdf","","Order granting Petitioner's request for deposition"
"170","49","Order stipulating discovery","12/4/2020","https://storage.courtlistener.com/recap/gov.uscourts.nysd.533313/gov.uscourts.nysd.533313.118.0.pdf","","Order stipulating discovery"
"171","35","Supreme Court Order Granting Transfer","6/9/2010","https://www.courts.ca.gov/documents/malenchik-decision.pdf","928 N.E.2d 564","Supreme Court Order Granting Transfer"
"172","54","Supreme Court, Appellate Division, Third Department, New York","08/15/2019","https://casetext.com/case/people-v-wakefield-31","175 A.D.3d 158 (N.Y. App. Div. 2019)",""
"173","55","Criminal Court of the City of New York, Bronx County Denying Motion to Exclude Expert Testimony","05/15/2020","https://casetext.com/case/people-v-hk-2","2020 NY Slip Op 20232, 130 N.Y.S.3d 890 (Crim. Ct. 2020)",""
"174","56","District Court of District of Delaware","03/6/2016","https://casetext.com/case/zaletel-v-prisma-labs-inc-1","No. 16-1307-SLR, 2017 U.S. Dist. LEXIS 30868 (D. Del. Mar. 6, 2017).",""
"175","58","Supreme Court of Texas","2021","https://law.justia.com/cases/texas/supreme-court/2021/20-0290.html","",""
"176","58","Court of Appeals of Texas","02/25/2020","https://casetext.com/case/aerotek-inc-v-boyd-3","",""
"177","57","NINETEENTH JUDICIAL CIRCUIT OF VIRGINIA COUNTY OF FAIRFAX CITY OF FAIRFAX","05/19/2020","https://casetext.com/case/sevatec-inc-v-ayyar","",""
"178","59","United States District Court, N.D. California, San Jose Division","03/22/2019","https://casetext.com/case/weride-corp-v-kun-huang","",""
"179","60","United States District Court, N.D. California, San Jose Division","08/1/2017","https://casetext.com/case/nevarez-v-forty-niners-football-co","",""
"180","62","United States Court of Appeals, Federal Circuit.","09/13/2016","https://casetext.com/case/mcro-inc-v-bandai-namco-games-am-inc-1","",""
"182","64","","","https://www.scribd.com/document/513984036/in-Re-Google-Assistant-Privacy-Litigation-Case-No-19-04286","",""
"183","56","Order and Opinion - Eastern District of Virginia","12/22/2016","https://storage.courtlistener.com/recap/gov.uscourts.ded.61059/gov.uscourts.ded.61059.55.0.pdf","",""
"184","66","COURT OF APPEAL OF THE STATE OF CALIFORNIA SECOND APPELLATE DISTRICT DIVISION FOUR","01/09/2015","https://casetext.com/case/people-v-superior-court-of-l-a-cnty","",""
"185","67","Court of Appeals of Virginia. Salem","01/08/2004","https://casetext.com/case/brooks-v-commonwealth-2540-02","",""
"186","68","District Court, S.D. New York","09/20/2019","https://storage.courtlistener.com/recap/gov.uscourts.nysd.490475/gov.uscourts.nysd.490475.137.0.pdf","",""
"187","69","E.D. Virginia","09/02/2021","https://casetext.com/case/thaler-v-hirshfeld","",""
"188","70","Supreme Court, New York County","07/29/2015","https://www.nycourts.gov/REPORTER/3dseries/2015/2015_25257.htm","49 Misc.3d 746 (2015)",""
"189","58","Court of Appeals Fifth District of Texas at Dallas","02/25/2020","https://casetext.com/case/aerotek-inc-v-boyd-3","598 S.W.3d 373 (Tex. App. 2020)",""
"190","58","Court of Appeals Fifth District of Texas at Dallas","08/27/2019","https://casetext.com/case/aerotek-inc-v-boyd-1","No. 05-18-00579-CV (Tex. App. Aug. 27, 2019)",""
"191","58","Supreme Court of Texas Dissenting Opinion","05/28/2021","https://casetext.com/case/aerotek-inc-v-boyd-5","No. 20-0290","Supreme Court of Texas Dissenting Opinion"
"192","70","State Court of New York","12/03/2013","https://www.nonhumanrights.org/content/uploads/Suffolk-Verified-Petition-of-E.Stein-and-S.Wise_.pdf","Petition","Petition"
"193","60","UNITED STATES DISTRICT COURT
NORTHERN DISTRICT OF CALIFORNIA","10/16/2018","https://storage.courtlistener.com/recap/gov.uscourts.cand.305908/gov.uscourts.cand.305908.253.0.pdf","Case No. 16-cv-07013-LHK (SVK)
ORDER REGARDING DISCOVERY
SUBMISSIONS ECF 244, ECF 245 AND
ECF 246
Re: Dkt. Nos. 244, 245, 246",""
"194","65","Northern District of California","07/12/2019","https://storage.courtlistener.com/recap/gov.uscourts.cand.308662/gov.uscourts.cand.308662.565.0.pdf","","ORDER DENYING MOTION TO
EXCLUDE CERTAIN TESTIMONY OF
LIVEPERSON'S EXPERT WITNESS
DR. WILLIAM CHOI"
"195","65","Northern District of California","10/19/2021","https://storage.courtlistener.com/recap/gov.uscourts.cand.308662/gov.uscourts.cand.308662.824.0.pdf","","STIPULATION AND [PROPOSED] ORDER
RE PERMANENT INJUNCTION"
"196","34","N.D. Cal.","03/23/2022","https://www.courtlistener.com/docket/59984656/1/renderos-v-clearview-ai-inc/","","Clearview's Notice of Removal to N.D. Cal."
"197","73","J.P.M.L.","06/21/2021","https://www.courtlistener.com/docket/60019256/1/renderos-v-clearview-ai-inc/","","Conditional transfer order to N.D. Ill. and consolidation with In re Clearview"
"198","73","J.P.M.L.","10/05/2021","https://www.courtlistener.com/docket/390316/95/in-re-clearview-ai-inc-consumer-privacy-litigation/","","Order of transfer to N.D. Ill and consolidation with In re Clearview"
"199","69","Memorandum Opinion of District Court","09/02/2021","https://patentlyo.com/media/2021/09/Thayler-v.-USPTO-AI-patent-Decision.pdf","","Memorandum Opinion of District Court"
"200","69","Defendant's Motion","02/24/2021","https://www.proskauerinlifesciences.com/wp-content/uploads/sites/34/2021/09/Thaler-v.-Hirshfeld.pdf","","Defendant's Motion"
"201","81","Federal: District Court, D. D.C.","06/02/2022","https://www.courtlistener.com/docket/63356475/1/thaler-v-perlmutter/","","Complaint"
"202","81","Federal: District Court, D. D.C.","09/26/2022","https://www.courtlistener.com/docket/63356475/11/thaler-v-perlmutter/","","Answer"
"203","83","N.D. Cal","10/23/2017","https://www.courtlistener.com/opinion/7327775/gonzalez-v-google-inc/","282 F. Supp. 3d 1150",""
"204","84","M.D. Fla.","","","",""
"205","81","Federal: District Court, D. D.C.","01/10/2023","https://www.courtlistener.com/docket/63356475/16/thaler-v-perlmutter/","","Thaler Summary Judgment Motion"
"206","81","Federal: District Court, D. D.C.","02/27/2023","https://www.courtlistener.com/docket/63356475/17/thaler-v-perlmutter/","","Perlmutter Response and Cross-Motion for Summary Judgment"
"207","81","Federal: District Court, D. D.C.","03/07/2023","https://www.courtlistener.com/docket/63356475/18/thaler-v-perlmutter/","","Thaler Opposition to Perlmutter Summary Judgment Motion"
"208","81","Federal: District Court, D. D.C.","04/05/2023","https://www.courtlistener.com/docket/63356475/21/thaler-v-perlmutter/","","Perlmutter Reply in Support of Summary Judgment Motion"
"209","50","","07/30/2021","http://www6.austlii.edu.au/cgi-bin/viewdoc/au/cases/cth/FCA/2021/879.html","[2021] FCA 879","Judgment"
"210","51","","04/12/2019","https://www.ipo.gov.uk/p-challenge-decision-results/o74119.pdf","BL O/741/19","Final Decision of UK Intellectual Property Office"
"211","51","","09/09/2021","https://www.bailii.org/ew/cases/EWCA/Civ/2021/1374.html","[2021] EWCA Civ 1374","England and Wales Court of Appeal (Civil Division) Decision"
"212","87","","05/12/2023","https://ia802701.us.archive.org/5/items/getty-stability-ai-2023.05.12-particulars-of-claim/GettyStabilityAI%202023.05.12%20Particulars%20of%20Claim.pdf","","Particulars of Claim"
"213","88","","07/11/2023","https://storage.courtlistener.com/recap/gov.uscourts.cand.415223/gov.uscourts.cand.415223.1.0.pdf","","Complaint"
"214","89","","11/03/2022","https://storage.courtlistener.com/recap/gov.uscourts.cand.403220/gov.uscourts.cand.403220.1.0.pdf","","Complaint"
"215","89","","05/11/2023","https://storage.courtlistener.com/recap/gov.uscourts.cand.403220/gov.uscourts.cand.403220.95.0.pdf","","Order Granting in Part and Denying in Part Motions to Dismiss"
"216","91","","07/07/2023","https://storage.courtlistener.com/recap/gov.uscourts.cand.415174/gov.uscourts.cand.415174.1.0_1.pdf","","Complaint"
"217","90","","07/07/2023","https://storage.courtlistener.com/recap/gov.uscourts.cand.415175/gov.uscourts.cand.415175.1.0.pdf","","Complaint"
"218","92","","06/28/2023","https://storage.courtlistener.com/recap/gov.uscourts.cand.414822/gov.uscourts.cand.414822.1.0_1.pdf","","Complaint"
"220","93","","06/28/2023","https://storage.courtlistener.com/recap/gov.uscourts.cand.414754/gov.uscourts.cand.414754.1.0_1.pdf","","Complaint"
"222","94","","02/03/2023","https://storage.courtlistener.com/recap/gov.uscourts.ded.81407/gov.uscourts.ded.81407.1.0.pdf","","Complaint"
"223","95","","06/05/2023","https://www.courthousenews.com/wp-content/uploads/2023/06/walters-openai-complaint-gwinnett-county.pdf","","Complaint"
"224","96","","07/14/2023","https://storage.courtlistener.com/recap/gov.uscourts.gand.318259/gov.uscourts.gand.318259.1.0.pdf","","Notice of Removal"
"225","76","","08/17/2020","https://www.courtlistener.com/docket/8418854/125/williams-sonoma-inc-v-amazoncom-inc/","627 F.Supp.3d 1072 (N.D. Cal. 2020)","Order on Motion to Dismiss"
"226","97","","09/14/2022","https://storage.courtlistener.com/recap/gov.uscourts.cand.400427/gov.uscourts.cand.400427.1.0.pdf","","Complaint"
"227","97","","03/22/2023","https://storage.courtlistener.com/recap/gov.uscourts.cand.400427/gov.uscourts.cand.400427.42.0.pdf","","Plaintiff Motion for Preliminary Injunction and Class Certification"
